{"epoch": 5, "train_loss": 0.007887903472472882, "val_loss": 0.015547207822757108, "train_f1": 0.6995184553543123, "val_f1": 0.523606682172379, "_timestamp": 1710049729.554044, "_runtime": 274.4618430137634, "_step": 4, "_wandb": {"runtime": 273}}