{"epoch": 3, "train_loss": 0.06944859841192862, "val_loss": 0.0767288852069113, "train_f1": 0.11749868691726424, "val_f1": 0.12882826781193416, "_timestamp": 1709963385.095296, "_runtime": 1688.14328789711, "_step": 2, "_wandb": {"runtime": 1811}}