{"epoch": 5, "train_loss": 0.008868901364119917, "val_loss": 0.014812184497714043, "train_f1": 0.6766945991000793, "val_f1": 0.4808537285312599, "_timestamp": 1710049074.1856089, "_runtime": 174.31546783447266, "_step": 4, "_wandb": {"runtime": 173}}