{"epoch": 9, "train_loss": 0.004627596426369815, "val_loss": 0.013183598539658956, "train_f1": 0.8300864879447797, "val_f1": 0.5569974630085729, "_timestamp": 1710001419.5715652, "_runtime": 195.42948603630066, "_step": 8, "_wandb": {"runtime": 194}}