{"epoch": 5, "train_loss": 0.010161243909006488, "val_loss": 0.015356771381837981, "train_f1": 0.6105208243136896, "val_f1": 0.45831059440855226, "_timestamp": 1710001189.532347, "_runtime": 174.23168396949768, "_step": 4, "_wandb": {"runtime": 172}}