{"epoch": 8, "train_loss": 0.004722945199444376, "val_loss": 0.012822595025811876, "train_f1": 0.8390033391458701, "val_f1": 0.5701248925827757, "_timestamp": 1710002191.839194, "_runtime": 740.4615299701691, "_step": 7, "_wandb": {"runtime": 739}}