{"epoch": 5, "train_loss": 0.009329702608801168, "val_loss": 0.014014052227139473, "train_f1": 0.6173130045204597, "val_f1": 0.4979586384292775, "_timestamp": 1710049443.777338, "_runtime": 101.31564092636108, "_step": 4, "_wandb": {"runtime": 100}}