{"epoch": 5, "train_loss": 0.0088689012677762, "val_loss": 0.014812184497714043, "train_f1": 0.6766945991000793, "val_f1": 0.4808537285312599, "_timestamp": 1710049332.140123, "_runtime": 171.23141288757324, "_step": 4, "_wandb": {"runtime": 169}}