{"epoch": 2, "train_loss": 0.02711987607477908, "val_loss": 0.028250373486015532, "train_f1": 0.14070416842506359, "val_f1": 0.14190883010203398, "_timestamp": 1710000774.746392, "_runtime": 1613.5793960094452, "_step": 1, "_wandb": {"runtime": 1652}}