{"epoch": 5, "train_loss": 0.010161243925063774, "val_loss": 0.015356771248791899, "train_f1": 0.6105208243136896, "val_f1": 0.45831059440855226, "_timestamp": 1709934538.95287, "_runtime": 173.1874988079071, "_step": 4, "_wandb": {"runtime": 172}}